title,rating,price,availability,page
A Light in the Attic,Three,Â£51.77,In stock,1
Tipping the Velvet,One,Â£53.74,In stock,1
Soumission,One,Â£50.10,In stock,1
Sharp Objects,Four,Â£47.82,In stock,1
Sapiens: A Brief History of Humankind,Five,Â£54.23,In stock,1
The Requiem Red,One,Â£22.65,In stock,1
The Dirty Little Secrets of Getting Your Dream Job,Four,Â£33.34,In stock,1
"The Coming Woman: A Novel Based on the Life of the Infamous Feminist, Victoria Woodhull",Three,Â£17.93,In stock,1
The Boys in the Boat: Nine Americans and Their Epic Quest for Gold at the 1936 Berlin Olympics,Four,Â£22.60,In stock,1
The Black Maria,One,Â£52.15,In stock,1
"Starving Hearts (Triangular Trade Trilogy, #1)",Two,Â£13.99,In stock,1
Shakespeare's Sonnets,Four,Â£20.66,In stock,1
Set Me Free,Five,Â£17.46,In stock,1
Scott Pilgrim's Precious Little Life (Scott Pilgrim #1),Five,Â£52.29,In stock,1
Rip it Up and Start Again,Five,Â£35.02,In stock,1
"Our Band Could Be Your Life: Scenes from the American Indie Underground, 1981-1991",Three,Â£57.25,In stock,1
Olio,One,Â£23.88,In stock,1
Mesaerion: The Best Science Fiction Stories 1800-1849,One,Â£37.59,In stock,1
Libertarianism for Beginners,Two,Â£51.33,In stock,1
It's Only the Himalayas,Two,Â£45.17,In stock,1
In Her Wake,One,Â£12.84,In stock,2
How Music Works,Two,Â£37.32,In stock,2
"Foolproof Preserving: A Guide to Small Batch Jams, Jellies, Pickles, Condiments, and More: A Foolproof Guide to Making Small Batch Jams, Jellies, Pickles, Condiments, and More",Three,Â£30.52,In stock,2
Chase Me (Paris Nights #2),Five,Â£25.27,In stock,2
Black Dust,Five,Â£34.53,In stock,2
Birdsong: A Story in Pictures,Three,Â£54.64,In stock,2
America's Cradle of Quarterbacks: Western Pennsylvania's Football Factory from Johnny Unitas to Joe Montana,Three,Â£22.50,In stock,2
Aladdin and His Wonderful Lamp,Three,Â£53.13,In stock,2
Worlds Elsewhere: Journeys Around Shakespeareâs Globe,Five,Â£40.30,In stock,2
Wall and Piece,Four,Â£44.18,In stock,2
The Four Agreements: A Practical Guide to Personal Freedom,Five,Â£17.66,In stock,2
The Five Love Languages: How to Express Heartfelt Commitment to Your Mate,Three,Â£31.05,In stock,2
The Elephant Tree,Five,Â£23.82,In stock,2
The Bear and the Piano,One,Â£36.89,In stock,2
Sophie's World,Five,Â£15.94,In stock,2
Penny Maybe,Three,Â£33.29,In stock,2
Maude (1883-1993):She Grew Up with the country,Two,Â£18.02,In stock,2
"In a Dark, Dark Wood",One,Â£19.63,In stock,2
Behind Closed Doors,Four,Â£52.22,In stock,2
You can't bury them all: Poems,Two,Â£33.63,In stock,2
Slow States of Collapse: Poems,Three,Â£57.31,In stock,3
Reasons to Stay Alive,Two,Â£26.41,In stock,3
Private Paris (Private #10),Five,Â£47.61,In stock,3
#HigherSelfie: Wake Up Your Life. Free Your Soul. Find Your Tribe.,Five,Â£23.11,In stock,3
Without Borders (Wanderlove #1),Two,Â£45.07,In stock,3
When We Collided,One,Â£31.77,In stock,3
"We Love You, Charlie Freeman",Five,Â£50.27,In stock,3
Untitled Collection: Sabbath Poems 2014,Four,Â£14.27,In stock,3
"Unseen City: The Majesty of Pigeons, the Discreet Charm of Snails & Other Wonders of the Urban Wilderness",Four,Â£44.18,In stock,3
Unicorn Tracks,Three,Â£18.78,In stock,3
"Unbound: How Eight Technologies Made Us Human, Transformed Society, and Brought Our World to the Brink",One,Â£25.52,In stock,3
Tsubasa: WoRLD CHRoNiCLE 2 (Tsubasa WoRLD CHRoNiCLE #2),One,Â£16.28,In stock,3
Throwing Rocks at the Google Bus: How Growth Became the Enemy of Prosperity,Three,Â£31.12,In stock,3
This One Summer,Four,Â£19.49,In stock,3
Thirst,Five,Â£17.27,In stock,3
The Torch Is Passed: A Harding Family Story,One,Â£19.09,In stock,3
The Secret of Dreadwillow Carse,One,Â£56.13,In stock,3
"The Pioneer Woman Cooks: Dinnertime: Comfort Classics, Freezer Food, 16-Minute Meals, and Other Delicious Ways to Solve Supper!",One,Â£56.41,In stock,3
The Past Never Ends,Four,Â£56.50,In stock,3
The Natural History of Us (The Fine Art of Pretending #2),Three,Â£45.22,In stock,3
The Nameless City (The Nameless City #1),Four,Â£38.16,In stock,4
The Murder That Never Was (Forensic Instincts #5),Three,Â£54.11,In stock,4
The Most Perfect Thing: Inside (and Outside) a Bird's Egg,Four,Â£42.96,In stock,4
"The Mindfulness and Acceptance Workbook for Anxiety: A Guide to Breaking Free from Anxiety, Phobias, and Worry Using Acceptance and Commitment Therapy",Four,Â£23.89,In stock,4
The Life-Changing Magic of Tidying Up: The Japanese Art of Decluttering and Organizing,Three,Â£16.77,In stock,4
"The Inefficiency Assassin: Time Management Tactics for Working Smarter, Not Longer",Five,Â£20.59,In stock,4
The Gutsy Girl: Escapades for Your Life of Epic Adventure,One,Â£37.13,In stock,4
The Electric Pencil: Drawings from Inside State Hospital No. 3,One,Â£56.06,In stock,4
The Death of Humanity: and the Case for Life,Four,Â£58.11,In stock,4
"The Bulletproof Diet: Lose up to a Pound a Day, Reclaim Energy and Focus, Upgrade Your Life",Three,Â£49.05,In stock,4
The Art Forger,Three,Â£40.76,In stock,4
The Age of Genius: The Seventeenth Century and the Birth of the Modern Mind,One,Â£19.73,In stock,4
The Activist's Tao Te Ching: Ancient Advice for a Modern Revolution,Five,Â£32.24,In stock,4
Spark Joy: An Illustrated Master Class on the Art of Organizing and Tidying Up,Four,Â£41.83,In stock,4
Soul Reader,Two,Â£39.58,In stock,4
Security,Two,Â£39.25,In stock,4
"Saga, Volume 6 (Saga (Collected Editions) #6)",Three,Â£25.02,In stock,4
"Saga, Volume 5 (Saga (Collected Editions) #5)",Two,Â£51.04,In stock,4
Reskilling America: Learning to Labor in the Twenty-First Century,Two,Â£19.83,In stock,4
"Rat Queens, Vol. 3: Demons (Rat Queens (Collected Editions) #11-15)",Three,Â£50.40,In stock,4
"Princess Jellyfish 2-in-1 Omnibus, Vol. 01 (Princess Jellyfish 2-in-1 Omnibus #1)",Five,Â£13.61,In stock,5
Princess Between Worlds (Wide-Awake Princess #5),Five,Â£13.34,In stock,5
"Pop Gun War, Volume 1: Gift",One,Â£18.97,In stock,5
"Political Suicide: Missteps, Peccadilloes, Bad Calls, Backroom Hijinx, Sordid Pasts, Rotten Breaks, and Just Plain Dumb Mistakes in the Annals of American Politics",Two,Â£36.28,In stock,5
Patience,Three,Â£10.16,In stock,5
"Outcast, Vol. 1: A Darkness Surrounds Him (Outcast #1)",Four,Â£15.44,In stock,5
orange: The Complete Collection 1 (orange: The Complete Collection #1),One,Â£48.41,In stock,5
Online Marketing for Busy Authors: A Step-By-Step Guide,One,Â£46.35,In stock,5
On a Midnight Clear,Three,Â£14.07,In stock,5
Obsidian (Lux #1),Two,Â£14.86,In stock,5
My Paris Kitchen: Recipes and Stories,Two,Â£33.37,In stock,5
Masks and Shadows,Two,Â£56.40,In stock,5
"Mama Tried: Traditional Italian Cooking for the Screwed, Crude, Vegan, and Tattooed",Four,Â£14.02,In stock,5
"Lumberjanes, Vol. 2: Friendship to the Max (Lumberjanes #5-8)",Two,Â£46.91,In stock,5
"Lumberjanes, Vol. 1: Beware the Kitten Holy (Lumberjanes #1-4)",Three,Â£45.61,In stock,5
Lumberjanes Vol. 3: A Terrible Plan (Lumberjanes #9-12),Two,Â£19.92,In stock,5
"Layered: Baking, Building, and Styling Spectacular Cakes",One,Â£40.11,In stock,5
Judo: Seven Steps to Black Belt (an Introductory Guide for Beginners),Two,Â£53.90,In stock,5
Join,Five,Â£35.67,In stock,5
In the Country We Love: My Family Divided,Four,Â£22.00,In stock,5
Immunity: How Elie Metchnikoff Changed the Course of Modern Medicine,Five,Â£57.36,In stock,6
"I Hate Fairyland, Vol. 1: Madly Ever After (I Hate Fairyland (Compilations) #1-5)",Two,Â£29.17,In stock,6
I am a Hero Omnibus Volume 1,Three,Â£54.63,In stock,6
How to Be Miserable: 40 Strategies You Already Use,One,Â£46.03,In stock,6
Her Backup Boyfriend (The Sorensen Family #1),One,Â£33.97,In stock,6
"Giant Days, Vol. 2 (Giant Days #5-8)",Two,Â£22.11,In stock,6
Forever and Forever: The Courtship of Henry Longfellow and Fanny Appleton,Three,Â£29.69,In stock,6
First and First (Five Boroughs #3),Four,Â£15.97,In stock,6
Fifty Shades Darker (Fifty Shades #2),One,Â£21.96,In stock,6
Everydata: The Misinformation Hidden in the Little Data You Consume Every Day,Two,Â£54.35,In stock,6
"Don't Be a Jerk: And Other Practical Advice from Dogen, Japan's Greatest Zen Master",Two,Â£37.97,In stock,6
Danganronpa Volume 1,Four,Â£51.99,In stock,6
Crown of Midnight (Throne of Glass #2),Three,Â£43.29,In stock,6
"Codename Baboushka, Volume 1: The Conclave of Death",Four,Â£36.72,In stock,6
Camp Midnight,Four,Â£17.08,In stock,6
Call the Nurse: True Stories of a Country Nurse on a Scottish Isle,Five,Â£29.14,In stock,6
Burning,Three,Â£28.81,In stock,6
Bossypants,Two,Â£49.46,In stock,6
"Bitch Planet, Vol. 1: Extraordinary Machine (Bitch Planet (Collected Editions))",Two,Â£37.92,In stock,6
"Avatar: The Last Airbender: Smoke and Shadow, Part 3 (Smoke and Shadow #3)",Two,Â£28.09,In stock,6
Algorithms to Live By: The Computer Science of Human Decisions,One,Â£30.81,In stock,7
A World of Flavor: Your Gluten Free Passport,One,Â£42.95,In stock,7
"A Piece of Sky, a Grain of Rice: A Memoir in Four Meditations",Five,Â£56.76,In stock,7
A Murder in Time,One,Â£16.64,In stock,7
A Flight of Arrows (The Pathfinders #2),Five,Â£55.53,In stock,7
A Fierce and Subtle Poison,Four,Â£28.13,In stock,7
A Court of Thorns and Roses (A Court of Thorns and Roses #1),One,Â£52.37,In stock,7
(Un)Qualified: How God Uses Broken People to Do Big Things,Five,Â£54.00,In stock,7
You Are What You Love: The Spiritual Power of Habit,Four,Â£21.87,In stock,7
"William Shakespeare's Star Wars: Verily, A New Hope (William Shakespeare's Star Wars #4)",Four,Â£43.30,In stock,7
Tuesday Nights in 1980,Two,Â£21.04,In stock,7
Tracing Numbers on a Train,Three,Â£41.60,In stock,7
Throne of Glass (Throne of Glass #1),Three,Â£35.07,In stock,7
Thomas Jefferson and the Tripoli Pirates: The Forgotten War That Changed American History,One,Â£59.64,In stock,7
Thirteen Reasons Why,One,Â£52.72,In stock,7
The White Cat and the Monk: A Retelling of the Poem âPangur BÃ¡nâ,Four,Â£58.08,In stock,7
The Wedding Dress,One,Â£24.12,In stock,7
The Vacationers,Four,Â£42.15,In stock,7
The Third Wave: An Entrepreneurâs Vision of the Future,Five,Â£12.61,In stock,7
The Stranger,Four,Â£17.44,In stock,7
The Shadow Hero (The Shadow Hero),One,Â£33.14,In stock,8
The Secret (The Secret #1),Four,Â£27.37,In stock,8
The Regional Office Is Under Attack!,Five,Â£51.36,In stock,8
The Psychopath Test: A Journey Through the Madness Industry,Two,Â£36.00,In stock,8
The Project,One,Â£10.65,In stock,8
The Power of Now: A Guide to Spiritual Enlightenment,Two,Â£43.54,In stock,8
The Omnivore's Dilemma: A Natural History of Four Meals,Two,Â£38.21,In stock,8
The Nerdy Nummies Cookbook: Sweet Treats for the Geek in All of Us,Five,Â£37.34,In stock,8
The Murder of Roger Ackroyd (Hercule Poirot #4),Four,Â£44.10,In stock,8
The Mistake (Off-Campus #2),Three,Â£43.29,In stock,8
The Matchmaker's Playbook (Wingmen Inc. #1),One,Â£55.85,In stock,8
The Love and Lemons Cookbook: An Apple-to-Zucchini Celebration of Impromptu Cooking,Two,Â£37.60,In stock,8
The Long Shadow of Small Ghosts: Murder and Memory in an American City,One,Â£10.97,In stock,8
The Kite Runner,Four,Â£41.82,In stock,8
The House by the Lake,One,Â£36.95,In stock,8
The Glittering Court (The Glittering Court #1),One,Â£44.28,In stock,8
The Girl on the Train,Two,Â£55.02,In stock,8
The Genius of Birds,One,Â£17.24,In stock,8
The Emerald Mystery,Two,Â£23.15,In stock,8
The Cookies & Cups Cookbook: 125+ sweet & savory recipes reminding you to Always Eat Dessert First,One,Â£41.25,In stock,8
The Bridge to Consciousness: I'm Writing the Bridge Between Science and Our Old and New Beliefs.,Three,Â£32.00,In stock,9
The Artist's Way: A Spiritual Path to Higher Creativity,Five,Â£38.49,In stock,9
The Art of War,Five,Â£33.34,In stock,9
The Argonauts,Two,Â£10.93,In stock,9
The 10% Entrepreneur: Live Your Startup Dream Without Quitting Your Day Job,Three,Â£27.55,In stock,9
Suddenly in Love (Lake Haven #1),Two,Â£55.99,In stock,9
Something More Than This,Four,Â£16.24,In stock,9
Soft Apocalypse,Two,Â£26.12,In stock,9
So You've Been Publicly Shamed,Two,Â£12.23,In stock,9
Shoe Dog: A Memoir by the Creator of NIKE,Two,Â£23.99,In stock,9
"Shobu Samurai, Project Aryoku (#3)",Three,Â£29.06,In stock,9
Secrets and Lace (Fatal Hearts #1),One,Â£20.27,In stock,9
Scarlett Epstein Hates It Here,Five,Â£43.55,In stock,9
Romero and Juliet: A Tragic Tale of Love and Zombies,One,Â£36.94,In stock,9
Redeeming Love,Five,Â£20.47,In stock,9
Poses for Artists Volume 1 - Dynamic and Sitting Poses: An Essential Reference for Figure Drawing and the Human Form,One,Â£41.06,In stock,9
Poems That Make Grown Women Cry,Four,Â£14.19,In stock,9
"Nightingale, Sing",One,Â£38.28,In stock,9
Night Sky with Exit Wounds,One,Â£41.05,In stock,9
Mrs. Houdini,Five,Â£30.25,In stock,9
Modern Romance,Five,Â£28.26,In stock,10
Miss Peregrineâs Home for Peculiar Children (Miss Peregrineâs Peculiar Children #1),One,Â£10.76,In stock,10
Louisa: The Extraordinary Life of Mrs. Adams,Two,Â£16.85,In stock,10
Little Red,Three,Â£13.47,In stock,10
Library of Souls (Miss Peregrineâs Peculiar Children #3),Five,Â£48.56,In stock,10
Large Print Heart of the Pride,Two,Â£19.15,In stock,10
I Had a Nice Time And Other Lies...: How to find love & sh*t like that,Four,Â£57.36,In stock,10
Hollow City (Miss Peregrineâs Peculiar Children #2),One,Â£42.98,In stock,10
Grumbles,Two,Â£22.16,In stock,10
Full Moon over Noahâs Ark: An Odyssey to Mount Ararat and Beyond,Four,Â£49.43,In stock,10
Frostbite (Vampire Academy #2),Five,Â£29.99,In stock,10
Follow You Home,One,Â£21.36,In stock,10
First Steps for New Christians (Print Edition),One,Â£29.00,In stock,10
Finders Keepers (Bill Hodges Trilogy #2),Five,Â£53.53,In stock,10
"Fables, Vol. 1: Legends in Exile (Fables #1)",Four,Â£41.62,In stock,10
Eureka Trivia 6.0,Four,Â£54.59,In stock,10
Drive: The Surprising Truth About What Motivates Us,Four,Â£34.95,In stock,10
Done Rubbed Out (Reightman & Bailey #1),Five,Â£37.72,In stock,10
Doing It Over (Most Likely To #1),Three,Â£35.61,In stock,10
"Deliciously Ella Every Day: Quick and Easy Recipes for Gluten-Free Snacks, Packed Lunches, and Simple Meals",Three,Â£42.16,In stock,10
Dark Notes,Five,Â£19.19,In stock,11
"Daring Greatly: How the Courage to Be Vulnerable Transforms the Way We Live, Love, Parent, and Lead",Three,Â£19.43,In stock,11
Close to You,Four,Â£49.46,In stock,11
Chasing Heaven: What Dying Taught Me About Living,Two,Â£37.80,In stock,11
Big Magic: Creative Living Beyond Fear,Three,Â£30.80,In stock,11
Becoming Wise: An Inquiry into the Mystery and Art of Living,Two,Â£27.43,In stock,11
Beauty Restored (Riley Family Legacy Novellas #3),Two,Â£11.11,In stock,11
Batman: The Long Halloween (Batman),Two,Â£36.50,In stock,11
Batman: The Dark Knight Returns (Batman),Five,Â£15.38,In stock,11
Ayumi's Violin,Two,Â£15.48,In stock,11
Anonymous,Four,Â£46.82,In stock,11
Amy Meets the Saints and Sages,Three,Â£18.46,In stock,11
Amid the Chaos,One,Â£36.58,In stock,11
Amatus,Five,Â£50.54,In stock,11
Agnostic: A Spirited Manifesto,Five,Â£12.51,In stock,11
Zealot: The Life and Times of Jesus of Nazareth,Three,Â£24.70,In stock,11
You (You #1),Five,Â£43.61,In stock,11
"Wonder Woman: Earth One, Volume One (Wonder Woman: Earth One #1)",Four,Â£37.34,In stock,11
Wild Swans,Two,Â£14.36,In stock,11
Why the Right Went Wrong: Conservatism--From Goldwater to the Tea Party and Beyond,Four,Â£52.65,In stock,11
Whole Lotta Creativity Going On: 60 Fun and Unusual Exercises to Awaken and Strengthen Your Creativity,Four,Â£38.20,In stock,12
What's It Like in Space?: Stories from Astronauts Who've Been There,Two,Â£19.60,In stock,12
"We Are Robin, Vol. 1: The Vigilante Business (We Are Robin #1)",One,Â£53.90,In stock,12
Walt Disney's Alice in Wonderland,Five,Â£12.96,In stock,12
V for Vendetta (V for Vendetta Complete),Four,Â£37.10,In stock,12
Until Friday Night (The Field Party #1),Two,Â£46.31,In stock,12
"Unbroken: A World War II Story of Survival, Resilience, and Redemption",Two,Â£45.95,In stock,12
Twenty Yawns,Two,Â£22.08,In stock,12
Through the Woods,Two,Â£25.38,In stock,12
This Is Where It Ends,Two,Â£27.12,In stock,12
The Year of Magical Thinking,Two,Â£43.04,In stock,12
The Wright Brothers,Four,Â£56.80,In stock,12
The White Queen (The Cousins' War #1),Five,Â£25.91,In stock,12
The Wedding Pact (The O'Malleys #2),Three,Â£32.61,In stock,12
The Time Keeper,Five,Â£27.88,In stock,12
The Testament of Mary,Four,Â£52.67,In stock,12
The Star-Touched Queen,Five,Â£46.02,In stock,12
The Songs of the Gods,Five,Â£44.48,In stock,12
The Song of Achilles,Five,Â£37.40,In stock,12
The Rosie Project (Don Tillman #1),One,Â£54.04,In stock,12
The Power of Habit: Why We Do What We Do in Life and Business,Three,Â£16.88,In stock,13
The Marriage of Opposites,Four,Â£28.08,In stock,13
The Lucifer Effect: Understanding How Good People Turn Evil,One,Â£10.40,In stock,13
The Long Haul (Diary of a Wimpy Kid #9),One,Â£44.07,In stock,13
The Loney,One,Â£23.40,In stock,13
The Literature Book (Big Ideas Simply Explained),Three,Â£17.43,In stock,13
The Last Mile (Amos Decker #2),Two,Â£54.21,In stock,13
The Immortal Life of Henrietta Lacks,Two,Â£40.67,In stock,13
The Hidden Oracle (The Trials of Apollo #1),Two,Â£52.26,In stock,13
The Help Yourself Cookbook for Kids: 60 Easy Plant-Based Recipes Kids Can Make to Stay Healthy and Save the Earth,Three,Â£28.77,In stock,13
The Guilty (Will Robie #4),Two,Â£13.82,In stock,13
The First Hostage (J.B. Collins #2),Three,Â£25.85,In stock,13
The Dovekeepers,One,Â£48.78,In stock,13
The Darkest Lie,Five,Â£35.35,In stock,13
The Bane Chronicles (The Bane Chronicles #1-11),Four,Â£44.73,In stock,13
The Bad-Ass Librarians of Timbuktu: And Their Race to Save the Worldâs Most Precious Manuscripts,One,Â£15.77,In stock,13
The 14th Colony (Cotton Malone #11),One,Â£39.24,In stock,13
That Darkness (Gardiner and Renner #1),One,Â£13.92,In stock,13
Tastes Like Fear (DI Marnie Rome #3),One,Â£10.69,In stock,13
Take Me with You,Three,Â£45.21,In stock,13
Swell: A Year of Waves,One,Â£45.58,In stock,14
Superman Vol. 1: Before Truth (Superman by Gene Luen Yang #1),Five,Â£11.89,In stock,14
Still Life with Bread Crumbs,Three,Â£26.41,In stock,14
Steve Jobs,Five,Â£39.50,In stock,14
Sorting the Beef from the Bull: The Science of Food Fraud Forensics,Four,Â£44.74,In stock,14
Someone Like You (The Harrisons #2),Five,Â£52.79,In stock,14
"So Cute It Hurts!!, Vol. 6 (So Cute It Hurts!! #6)",Four,Â£35.43,In stock,14
Shtum,Four,Â£55.84,In stock,14
See America: A Celebration of Our National Parks & Treasured Sites,Three,Â£48.87,In stock,14
salt.,Four,Â£46.78,In stock,14
Robin War,Three,Â£47.82,In stock,14
"Red Hood/Arsenal, Vol. 1: Open for Business (Red Hood/Arsenal #1)",Two,Â£25.48,In stock,14
Rain Fish,Three,Â£23.57,In stock,14
"Quarter Life Poetry: Poems for the Young, Broke and Hangry",Five,Â£50.89,In stock,14
Pet Sematary,Three,Â£10.56,In stock,14
"Overload: How to Unplug, Unwind, and Unleash Yourself from the Pressure of Stress",Three,Â£52.15,In stock,14
Once Was a Time,Two,Â£18.28,In stock,14
Old School (Diary of a Wimpy Kid #10),Five,Â£11.83,In stock,14
No Dream Is Too High: Life Lessons From a Man Who Walked on the Moon,Two,Â£21.95,In stock,14
"Naruto (3-in-1 Edition), Vol. 14: Includes Vols. 40, 41 & 42 (Naruto: Omnibus #14)",Two,Â£38.39,In stock,14
My Name Is Lucy Barton,One,Â£41.56,In stock,15
My Mrs. Brown,Three,Â£24.48,In stock,15
My Kind of Crazy,One,Â£40.36,In stock,15
Mr. Mercedes (Bill Hodges Trilogy #1),One,Â£28.90,In stock,15
More Than Music (Chasing the Dream #1),Two,Â£37.61,In stock,15
Made to Stick: Why Some Ideas Survive and Others Die,Five,Â£38.85,In stock,15
Luis Paints the World,Three,Â£53.95,In stock,15
Luckiest Girl Alive,Three,Â£49.83,In stock,15
Lowriders to the Center of the Earth (Lowriders in Space #2),Two,Â£51.51,In stock,15
Love Is a Mix Tape (Music #1),One,Â£18.03,In stock,15
Looking for Lovely: Collecting the Moments that Matter,Five,Â£29.14,In stock,15
"Living Leadership by Insight: A Good Leader Achieves, a Great Leader Builds Monuments",Four,Â£46.91,In stock,15
Let It Out: A Journey Through Journaling,Five,Â£26.79,In stock,15
Lady Midnight (The Dark Artifices #1),Five,Â£16.28,In stock,15
"It's All Easy: Healthy, Delicious Weeknight Meals in under 30 Minutes",One,Â£19.55,In stock,15
Island of Dragons (Unwanteds #7),One,Â£29.65,In stock,15
I Know What I'm Doing -- and Other Lies I Tell Myself: Dispatches from a Life Under Construction,Four,Â£25.98,In stock,15
I Am Pilgrim (Pilgrim #1),Four,Â£10.60,In stock,15
"Hyperbole and a Half: Unfortunate Situations, Flawed Coping Mechanisms, Mayhem, and Other Things That Happened",Five,Â£14.75,In stock,15
"Hush, Hush (Hush, Hush #1)",Three,Â£47.02,In stock,15
Hold Your Breath (Search and Rescue #1),One,Â£28.82,In stock,16
Hamilton: The Revolution,Three,Â£58.79,In stock,16
Greek Mythic History,Five,Â£10.23,In stock,16
God: The Most Unpleasant Character in All Fiction,Five,Â£30.03,In stock,16
Glory over Everything: Beyond The Kitchen House,Three,Â£45.84,In stock,16
Feathers: Displays of Brilliant Plumage,Three,Â£49.05,In stock,16
"Far & Away: Places on the Brink of Change: Seven Continents, Twenty-Five Years",Four,Â£15.06,In stock,16
Every Last Word,Three,Â£46.47,In stock,16
Eligible (The Austen Project #4),Three,Â£27.09,In stock,16
El Deafo,Five,Â£57.62,In stock,16
Eight Hundred Grapes,Four,Â£14.39,In stock,16
"Eaternity: More than 150 Deliciously Easy Vegan Recipes for a Long, Healthy, Satisfied, Joyful Life",Five,Â£51.75,In stock,16
"Eat Fat, Get Thin",Two,Â£54.07,In stock,16
Don't Get Caught,One,Â£55.35,In stock,16
Doctor Sleep (The Shining #2),Two,Â£40.12,In stock,16
Demigods & Magicians: Percy and Annabeth Meet the Kanes (Percy Jackson & Kane Chronicles Crossover #1-3),Five,Â£37.51,In stock,16
Dear Mr. Knightley,Five,Â£11.21,In stock,16
Daily Fantasy Sports,One,Â£36.58,In stock,16
Crazy Love: Overwhelmed by a Relentless God,Two,Â£47.72,In stock,16
Cometh the Hour (The Clifton Chronicles #6),Three,Â£25.01,In stock,16
Code Name Verity (Code Name Verity #1),Four,Â£22.13,In stock,17
Clockwork Angel (The Infernal Devices #1),One,Â£44.14,In stock,17
City of Glass (The Mortal Instruments #3),Four,Â£56.02,In stock,17
City of Fallen Angels (The Mortal Instruments #4),Four,Â£11.23,In stock,17
City of Bones (The Mortal Instruments #1),One,Â£43.28,In stock,17
City of Ashes (The Mortal Instruments #2),One,Â£47.27,In stock,17
Cell,Four,Â£20.29,In stock,17
Catching Jordan (Hundred Oaks),Three,Â£50.83,In stock,17
"Carry On, Warrior: Thoughts on Life Unarmed",Three,Â£31.85,In stock,17
Carrie,Two,Â£46.23,In stock,17
Buying In: The Secret Dialogue Between What We Buy and Who We Are,Four,Â£37.80,In stock,17
Brain on Fire: My Month of Madness,Five,Â£49.32,In stock,17
Batman: Europa,Two,Â£32.01,In stock,17
Barefoot Contessa Back to Basics,One,Â£28.01,In stock,17
Barefoot Contessa at Home: Everyday Recipes You'll Make Over and Over Again,Five,Â£50.62,In stock,17
Balloon Animals,Three,Â£17.03,In stock,17
Art Ops Vol. 1,Three,Â£48.80,In stock,17
Aristotle and Dante Discover the Secrets of the Universe (Aristotle and Dante Discover the Secrets of the Universe #1),Four,Â£58.14,In stock,17
Angels Walking (Angels Walking #1),Two,Â£34.20,In stock,17
Angels & Demons (Robert Langdon #1),Three,Â£51.48,In stock,17
All the Light We Cannot See,Five,Â£29.87,In stock,18
"Adulthood Is a Myth: A ""Sarah's Scribbles"" Collection",Two,Â£10.90,In stock,18
Abstract City,Five,Â£56.37,In stock,18
A Time of Torment (Charlie Parker #14),Five,Â£48.35,In stock,18
A Study in Scarlet (Sherlock Holmes #1),Two,Â£16.73,In stock,18
"A Series of Catastrophes and Miracles: A True Story of Love, Science, and Cancer",Two,Â£56.48,In stock,18
A People's History of the United States,Two,Â£40.79,In stock,18
A Man Called Ove,One,Â£39.72,In stock,18
A Distant Mirror: The Calamitous 14th Century,Three,Â£14.58,In stock,18
A Brush of Wings (Angels Walking #3),One,Â£55.51,In stock,18
1491: New Revelations of the Americas Before Columbus,Three,Â£21.80,In stock,18
"The Three Searches, Meaning, and the Story",Three,Â£13.33,In stock,18
Searching for Meaning in Gailana,One,Â£38.73,In stock,18
Rook,Four,Â£37.86,In stock,18
My Kitchen Year: 136 Recipes That Saved My Life,Two,Â£11.53,In stock,18
13 Hours: The Inside Account of What Really Happened In Benghazi,One,Â£27.06,In stock,18
Will You Won't You Want Me?,Three,Â£13.86,In stock,18
Tipping Point for Planet Earth: How Close Are We to the Edge?,One,Â£37.55,In stock,18
The Star-Touched Queen,Five,Â£32.30,In stock,18
The Silent Sister (Riley MacPherson #1),Five,Â£46.29,In stock,18
The Midnight Watch: A Novel of the Titanic and the Californian,One,Â£26.20,In stock,19
The Lonely City: Adventures in the Art of Being Alone,Two,Â£33.26,In stock,19
The Gray Rhino: How to Recognize and Act on the Obvious Dangers We Ignore,Four,Â£59.15,In stock,19
The Golden Condom: And Other Essays on Love Lost and Found,One,Â£39.43,In stock,19
The Epidemic (The Program 0.6),Five,Â£14.44,In stock,19
The Dinner Party,Two,Â£56.54,In stock,19
The Diary of a Young Girl,Three,Â£59.90,In stock,19
The Children,Three,Â£11.88,In stock,19
Stars Above (The Lunar Chronicles #4.5),Two,Â£48.05,In stock,19
Snatched: How A Drug Queen Went Undercover for the DEA and Was Kidnapped By Colombian Guerillas,Three,Â£21.21,In stock,19
Raspberry Pi Electronics Projects for the Evil Genius,Four,Â£49.67,In stock,19
Quench Your Own Thirst: Business Lessons Learned Over a Beer or Two,One,Â£43.14,In stock,19
Psycho: Sanitarium (Psycho #1.5),Five,Â£36.97,In stock,19
Poisonous (Max Revere Novels #3),Three,Â£26.80,In stock,19
One with You (Crossfire #5),Four,Â£15.71,In stock,19
No Love Allowed (Dodge Cove #1),Four,Â£54.65,In stock,19
Murder at the 42nd Street Library (Raymond Ambler #1),Four,Â£54.36,In stock,19
Most Wanted,Three,Â£35.28,In stock,19
"Love, Lies and Spies",Two,Â£20.55,In stock,19
How to Speak Golf: An Illustrated Guide to Links Lingo,Five,Â£58.32,In stock,19
Hide Away (Eve Duncan #20),One,Â£11.84,In stock,20
Furiously Happy: A Funny Book About Horrible Things,Four,Â£41.46,In stock,20
Everyday Italian: 125 Simple and Delicious Recipes,Five,Â£20.10,In stock,20
Equal Is Unfair: America's Misguided Fight Against Income Inequality,One,Â£56.86,In stock,20
Eleanor & Park,Five,Â£56.51,In stock,20
Dirty (Dive Bar #1),Four,Â£40.83,In stock,20
Can You Keep a Secret? (Fear Street Relaunch #4),One,Â£48.64,In stock,20
Boar Island (Anna Pigeon #19),Three,Â£59.48,In stock,20
A Paris Apartment,Four,Â£39.01,In stock,20
"A la Mode: 120 Recipes in 60 Pairings: Pies, Tarts, Cakes, Crisps, and More Topped with Ice Cream, Gelato, Frozen Custard, and More",One,Â£38.77,In stock,20
Troublemaker: Surviving Hollywood and Scientology,Two,Â£48.39,In stock,20
The Widow,Two,Â£27.26,In stock,20
"The Sleep Revolution: Transforming Your Life, One Night at a Time",Four,Â£11.68,In stock,20
The Improbability of Love,One,Â£59.45,In stock,20
The Art of Startup Fundraising,Three,Â£21.00,In stock,20
Take Me Home Tonight (Rock Star Romance #3),Three,Â£53.98,In stock,20
Sleeping Giants (Themis Files #1),One,Â£48.74,In stock,20
"Setting the World on Fire: The Brief, Astonishing Life of St. Catherine of Siena",Two,Â£21.15,In stock,20
Playing with Fire,Three,Â£13.71,In stock,20
Off the Hook (Fishing for Trouble #1),Three,Â£47.67,In stock,20
