,title,rating,price,availability,category
0,Sharp Objects,Four,47.82,In stock,Mystery
1,"In a Dark, Dark Wood",One,19.63,In stock,Mystery
2,The Past Never Ends,Four,56.5,In stock,Mystery
3,A Murder in Time,One,16.64,In stock,Mystery
4,The Murder of Roger Ackroyd (Hercule Poirot #4),Four,44.1,In stock,Mystery
5,The Last Mile (Amos Decker #2),Two,54.21,In stock,Mystery
6,That Darkness (Gardiner and Renner #1),One,13.92,In stock,Mystery
7,Tastes Like Fear (DI Marnie Rome #3),One,10.69,In stock,Mystery
8,A Time of Torment (Charlie Parker #14),Five,48.35,In stock,Mystery
9,A Study in Scarlet (Sherlock Holmes #1),Two,16.73,In stock,Mystery
10,Poisonous (Max Revere Novels #3),Three,26.8,In stock,Mystery
11,Murder at the 42nd Street Library (Raymond Ambler #1),Four,54.36,In stock,Mystery
12,Most Wanted,Three,35.28,In stock,Mystery
13,Hide Away (Eve Duncan #20),One,11.84,In stock,Mystery
14,Boar Island (Anna Pigeon #19),Three,59.48,In stock,Mystery
15,The Widow,Two,27.26,In stock,Mystery
16,Playing with Fire,Three,13.71,In stock,Mystery
17,What Happened on Beale Street (Secrets of the South Mysteries #2),Five,25.37,In stock,Mystery
18,The Bachelor Girl's Guide to Murder (Herringford and Watts Mysteries #1),Five,52.3,In stock,Mystery
19,Delivering the Truth (Quaker Midwife Mystery #1),Four,20.89,In stock,Mystery
20,The Mysterious Affair at Styles (Hercule Poirot #1),Four,24.8,In stock,Mystery
21,In the Woods (Dublin Murder Squad #1),Two,38.38,In stock,Mystery
22,The Silkworm (Cormoran Strike #2),Five,23.05,In stock,Mystery
23,The Exiled,Three,43.45,In stock,Mystery
24,The Cuckoo's Calling (Cormoran Strike #1),One,19.21,In stock,Mystery
25,Extreme Prey (Lucas Davenport #26),Three,25.4,In stock,Mystery
26,Career of Evil (Cormoran Strike #3),Two,24.72,In stock,Mystery
27,The No. 1 Ladies' Detective Agency (No. 1 Ladies' Detective Agency #1),Four,57.7,In stock,Mystery
28,The Girl You Lost,Five,12.29,In stock,Mystery
29,The Girl In The Ice (DCI Erika Foster #1),Three,15.85,In stock,Mystery
30,Blood Defense (Samantha Brinkman #1),Three,20.3,In stock,Mystery
31,1st to Die (Women's Murder Club #1),One,53.98,In stock,Mystery
32,Tipping the Velvet,One,53.74,In stock,Historical Fiction
33,Forever and Forever: The Courtship of Henry Longfellow and Fanny Appleton,Three,29.69,In stock,Historical Fiction
34,A Flight of Arrows (The Pathfinders #2),Five,55.53,In stock,Historical Fiction
35,The House by the Lake,One,36.95,In stock,Historical Fiction
36,Mrs. Houdini,Five,30.25,In stock,Historical Fiction
37,The Marriage of Opposites,Four,28.08,In stock,Historical Fiction
38,Glory over Everything: Beyond The Kitchen House,Three,45.84,In stock,Historical Fiction
39,"Love, Lies and Spies",Two,20.55,In stock,Historical Fiction
40,A Paris Apartment,Four,39.01,In stock,Historical Fiction
41,Lilac Girls,Two,17.28,In stock,Historical Fiction
42,The Constant Princess (The Tudor Court #1),Three,16.62,In stock,Historical Fiction
43,The Invention of Wings,One,37.34,In stock,Historical Fiction
44,World Without End (The Pillars of the Earth #2),Four,32.97,In stock,Historical Fiction
45,The Passion of Dolssa,Five,28.32,In stock,Historical Fiction
46,Girl With a Pearl Earring,One,26.77,In stock,Historical Fiction
47,Voyager (Outlander #3),Five,21.07,In stock,Historical Fiction
48,The Red Tent,Five,35.66,In stock,Historical Fiction
49,The Last Painting of Sara de Vos,Two,55.55,In stock,Historical Fiction
50,The Guernsey Literary and Potato Peel Pie Society,One,49.53,In stock,Historical Fiction
51,Girl in the Blue Coat,Two,46.83,In stock,Historical Fiction
52,Between Shades of Gray,Five,20.79,In stock,Historical Fiction
53,While You Were Mine,Five,41.32,In stock,Historical Fiction
54,The Secret Healer,Three,34.56,In stock,Historical Fiction
55,Starlark,Three,25.83,In stock,Historical Fiction
56,Lost Among the Living,Four,27.7,In stock,Historical Fiction
57,A Spy's Devotion (The Regency Spies of London #1),Five,16.97,In stock,Historical Fiction
58,Scott Pilgrim's Precious Little Life (Scott Pilgrim #1),Five,52.29,In stock,Sequential Art
59,Tsubasa: WoRLD CHRoNiCLE 2 (Tsubasa WoRLD CHRoNiCLE #2),One,16.28,In stock,Sequential Art
60,This One Summer,Four,19.49,In stock,Sequential Art
61,The Nameless City (The Nameless City #1),Four,38.16,In stock,Sequential Art
62,"Saga, Volume 5 (Saga (Collected Editions) #5)",Two,51.04,In stock,Sequential Art
63,"Rat Queens, Vol. 3: Demons (Rat Queens (Collected Editions) #11-15)",Three,50.4,In stock,Sequential Art
64,"Princess Jellyfish 2-in-1 Omnibus, Vol. 01 (Princess Jellyfish 2-in-1 Omnibus #1)",Five,13.61,In stock,Sequential Art
65,"Pop Gun War, Volume 1: Gift",One,18.97,In stock,Sequential Art
66,Patience,Three,10.16,In stock,Sequential Art
67,"Outcast, Vol. 1: A Darkness Surrounds Him (Outcast #1)",Four,15.44,In stock,Sequential Art
68,orange: The Complete Collection 1 (orange: The Complete Collection #1),One,48.41,In stock,Sequential Art
69,"Lumberjanes, Vol. 2: Friendship to the Max (Lumberjanes #5-8)",Two,46.91,In stock,Sequential Art
70,"Lumberjanes, Vol. 1: Beware the Kitten Holy (Lumberjanes #1-4)",Three,45.61,In stock,Sequential Art
71,Lumberjanes Vol. 3: A Terrible Plan (Lumberjanes #9-12),Two,19.92,In stock,Sequential Art
72,"I Hate Fairyland, Vol. 1: Madly Ever After (I Hate Fairyland (Compilations) #1-5)",Two,29.17,In stock,Sequential Art
73,I am a Hero Omnibus Volume 1,Three,54.63,In stock,Sequential Art
74,"Giant Days, Vol. 2 (Giant Days #5-8)",Two,22.11,In stock,Sequential Art
75,Danganronpa Volume 1,Four,51.99,In stock,Sequential Art
76,"Codename Baboushka, Volume 1: The Conclave of Death",Four,36.72,In stock,Sequential Art
77,Camp Midnight,Four,17.08,In stock,Sequential Art
78,"Bitch Planet, Vol. 1: Extraordinary Machine (Bitch Planet (Collected Editions))",Two,37.92,In stock,Sequential Art
79,The Shadow Hero (The Shadow Hero),One,33.14,In stock,Sequential Art
80,"Fables, Vol. 1: Legends in Exile (Fables #1)",Four,41.62,In stock,Sequential Art
81,Batman: The Long Halloween (Batman),Two,36.5,In stock,Sequential Art
82,Batman: The Dark Knight Returns (Batman),Five,15.38,In stock,Sequential Art
83,"Wonder Woman: Earth One, Volume One (Wonder Woman: Earth One #1)",Four,37.34,In stock,Sequential Art
84,"We Are Robin, Vol. 1: The Vigilante Business (We Are Robin #1)",One,53.9,In stock,Sequential Art
85,Through the Woods,Two,25.38,In stock,Sequential Art
86,Superman Vol. 1: Before Truth (Superman by Gene Luen Yang #1),Five,11.89,In stock,Sequential Art
87,"So Cute It Hurts!!, Vol. 6 (So Cute It Hurts!! #6)",Four,35.43,In stock,Sequential Art
88,Robin War,Three,47.82,In stock,Sequential Art
89,"Red Hood/Arsenal, Vol. 1: Open for Business (Red Hood/Arsenal #1)",Two,25.48,In stock,Sequential Art
90,"Naruto (3-in-1 Edition), Vol. 14: Includes Vols. 40, 41 & 42 (Naruto: Omnibus #14)",Two,38.39,In stock,Sequential Art
91,Lowriders to the Center of the Earth (Lowriders in Space #2),Two,51.51,In stock,Sequential Art
92,El Deafo,Five,57.62,In stock,Sequential Art
93,Batman: Europa,Two,32.01,In stock,Sequential Art
94,Art Ops Vol. 1,Three,48.8,In stock,Sequential Art
95,"Adulthood Is a Myth: A ""Sarah's Scribbles"" Collection",Two,10.9,In stock,Sequential Art
96,"Fruits Basket, Vol. 9 (Fruits Basket #9)",Four,33.95,In stock,Sequential Art
97,Roller Girl,Five,14.1,In stock,Sequential Art
98,"Fruits Basket, Vol. 7 (Fruits Basket #7)",One,19.57,In stock,Sequential Art
99,"Fruits Basket, Vol. 6 (Fruits Basket #6)",Four,20.96,In stock,Sequential Art
100,"Death Note, Vol. 6: Give-and-Take (Death Note #6)",Three,36.39,In stock,Sequential Art
101,"Fruits Basket, Vol. 5 (Fruits Basket #5)",One,16.33,In stock,Sequential Art
102,"Death Note, Vol. 5: Whiteout (Death Note #5)",One,52.41,In stock,Sequential Art
103,"The Demon Prince of Momochi House, Vol. 4 (The Demon Prince of Momochi House #4)",Two,27.88,In stock,Sequential Art
104,"Fruits Basket, Vol. 4 (Fruits Basket #4)",Four,50.44,In stock,Sequential Art
105,"The Wicked + The Divine, Vol. 3: Commercial Suicide (The Wicked + The Divine)",Three,14.41,In stock,Sequential Art
106,"The Sandman, Vol. 3: Dream Country (The Sandman (volumes) #3)",Five,55.55,In stock,Sequential Art
107,"Saga, Volume 3 (Saga (Collected Editions) #3)",Five,21.57,In stock,Sequential Art
108,Prodigy: The Graphic Novel (Legend: The Graphic Novel #2),Three,43.63,In stock,Sequential Art
109,Persepolis: The Story of a Childhood (Persepolis #1-2),One,39.13,In stock,Sequential Art
110,Original Fake,Three,31.45,In stock,Sequential Art
111,"Grayson, Vol 3: Nemesis (Grayson #3)",One,42.72,In stock,Sequential Art
112,"Fruits Basket, Vol. 3 (Fruits Basket #3)",Two,45.17,In stock,Sequential Art
113,"Black Butler, Vol. 1 (Black Butler #1)",One,49.31,In stock,Sequential Art
114,Awkward,Two,38.02,In stock,Sequential Art
115,"The Sandman, Vol. 2: The Doll's House (The Sandman (volumes) #2)",One,54.81,In stock,Sequential Art
116,"Saga, Volume 2 (Saga (Collected Editions) #2)",Three,11.75,In stock,Sequential Art
117,"Fruits Basket, Vol. 2 (Fruits Basket #2)",Five,11.64,In stock,Sequential Art
118,"Y: The Last Man, Vol. 1: Unmanned (Y: The Last Man #1)",Four,18.51,In stock,Sequential Art
119,"The Wicked + The Divine, Vol. 1: The Faust Act (The Wicked + The Divine)",Two,36.52,In stock,Sequential Art
120,"The Sandman, Vol. 1: Preludes and Nocturnes (The Sandman (volumes) #1)",Three,54.12,In stock,Sequential Art
121,The Complete Maus (Maus #1-2),Three,10.64,In stock,Sequential Art
122,"Skip Beat!, Vol. 01 (Skip Beat! #1)",Three,42.12,In stock,Sequential Art
123,"Saga, Volume 1 (Saga (Collected Editions) #1)",One,28.48,In stock,Sequential Art
124,"Rat Queens, Vol. 1: Sass & Sorcery (Rat Queens (Collected Editions) #1-5)",Five,46.96,In stock,Sequential Art
125,"Paper Girls, Vol. 1 (Paper Girls #1-5)",Four,21.71,In stock,Sequential Art
126,"Ouran High School Host Club, Vol. 1 (Ouran High School Host Club #1)",Three,29.87,In stock,Sequential Art
127,"Ms. Marvel, Vol. 1: No Normal (Ms. Marvel (2014-2015) #1)",Four,39.39,In stock,Sequential Art
128,"Hawkeye, Vol. 1: My Life as a Weapon (Hawkeye #1)",Three,45.24,In stock,Sequential Art
129,"Giant Days, Vol. 1 (Giant Days #1-4)",Four,56.76,In stock,Sequential Art
130,"Fruits Basket, Vol. 1 (Fruits Basket #1)",Five,40.28,In stock,Sequential Art
131,"Bleach, Vol. 1: Strawberry and the Soul Reapers (Bleach #1)",Five,34.65,In stock,Sequential Art
132,"Ajin: Demi-Human, Volume 1 (Ajin: Demi-Human #1)",Four,57.06,In stock,Sequential Art
133,Chase Me (Paris Nights #2),Five,25.27,In stock,Romance
134,Black Dust,Five,34.53,In stock,Romance
135,Her Backup Boyfriend (The Sorensen Family #1),One,33.97,In stock,Romance
136,First and First (Five Boroughs #3),Four,15.97,In stock,Romance
137,Fifty Shades Darker (Fifty Shades #2),One,21.96,In stock,Romance
138,The Wedding Dress,One,24.12,In stock,Romance
139,Suddenly in Love (Lake Haven #1),Two,55.99,In stock,Romance
140,Something More Than This,Four,16.24,In stock,Romance
141,Doing It Over (Most Likely To #1),Three,35.61,In stock,Romance
142,The Wedding Pact (The O'Malleys #2),Three,32.61,In stock,Romance
143,Hold Your Breath (Search and Rescue #1),One,28.82,In stock,Romance
144,Dirty (Dive Bar #1),Four,40.83,In stock,Romance
145,Take Me Home Tonight (Rock Star Romance #3),Three,53.98,In stock,Romance
146,Off the Hook (Fishing for Trouble #1),Three,47.67,In stock,Romance
147,A Gentleman's Position (Society of Gentlemen #3),Five,14.75,In stock,Romance
148,"Sit, Stay, Love",Three,20.9,In stock,Romance
149,A Girl's Guide to Moving On (New Beginnings #2),One,31.3,In stock,Romance
150,The Perfect Play (Play by Play #1),Three,59.99,In stock,Romance
151,Dark Lover (Black Dagger Brotherhood #1),One,12.87,In stock,Romance
152,Changing the Game (Play by Play #2),Three,13.38,In stock,Romance
153,A Walk to Remember,One,56.43,In stock,Romance
154,The Purest Hook (Second Circle Tattoos #3),One,12.25,In stock,Romance
155,The Obsession,One,45.43,In stock,Romance
156,Reservations for Two,Three,11.1,In stock,Romance
157,Best of My Love (Fool's Gold #20),Two,27.41,In stock,Romance
158,Where Lightning Strikes (Bleeding Stars #3),Three,39.77,In stock,Romance
159,This One Moment (Pushing Limits #1),One,48.71,In stock,Romance
160,"Rhythm, Chord & Malykhin",Two,28.34,In stock,Romance
161,My Perfect Mistake (Over the Top #1),Two,38.92,In stock,Romance
162,Listen to Me (Fusion #1),Three,58.99,In stock,Romance
163,Imperfect Harmony,Four,34.74,In stock,Romance
164,Fighting Fate (Fighting #6),Three,39.24,In stock,Romance
165,Deep Under (Walker Security #1),Five,47.09,In stock,Romance
166,Charity's Cross (Charles Towne Belles #4),One,41.24,In stock,Romance
167,Bounty (Colorado Mountain #7),Four,37.26,In stock,Romance
168,Soumission,One,50.1,In stock,Fiction
169,Private Paris (Private #10),Five,47.61,In stock,Fiction
170,"We Love You, Charlie Freeman",Five,50.27,In stock,Fiction
171,Thirst,Five,17.27,In stock,Fiction
172,The Murder That Never Was (Forensic Instincts #5),Three,54.11,In stock,Fiction
173,Tuesday Nights in 1980,Two,21.04,In stock,Fiction
174,The Vacationers,Four,42.15,In stock,Fiction
175,The Regional Office Is Under Attack!,Five,51.36,In stock,Fiction
176,Finders Keepers (Bill Hodges Trilogy #2),Five,53.53,In stock,Fiction
177,The Time Keeper,Five,27.88,In stock,Fiction
178,The Testament of Mary,Four,52.67,In stock,Fiction
179,The First Hostage (J.B. Collins #2),Three,25.85,In stock,Fiction
180,Take Me with You,Three,45.21,In stock,Fiction
181,Still Life with Bread Crumbs,Three,26.41,In stock,Fiction
182,Shtum,Four,55.84,In stock,Fiction
183,My Name Is Lucy Barton,One,41.56,In stock,Fiction
184,My Mrs. Brown,Three,24.48,In stock,Fiction
185,Mr. Mercedes (Bill Hodges Trilogy #1),One,28.9,In stock,Fiction
186,I Am Pilgrim (Pilgrim #1),Four,10.6,In stock,Fiction
187,Eligible (The Austen Project #4),Three,27.09,In stock,Fiction
188,Eight Hundred Grapes,Four,14.39,In stock,Fiction
189,Dear Mr. Knightley,Five,11.21,In stock,Fiction
190,Cometh the Hour (The Clifton Chronicles #6),Three,25.01,In stock,Fiction
191,Balloon Animals,Three,17.03,In stock,Fiction
192,A Man Called Ove,One,39.72,In stock,Fiction
193,The Silent Sister (Riley MacPherson #1),Five,46.29,In stock,Fiction
194,The Dinner Party,Two,56.54,In stock,Fiction
195,The Improbability of Love,One,59.45,In stock,Fiction
196,Mothering Sunday,Two,13.34,In stock,Fiction
197,Lies and Other Acts of Love,One,45.14,In stock,Fiction
198,Daredevils,Three,16.34,In stock,Fiction
199,11/22/63,Three,48.48,In stock,Fiction
200,The Shack,One,28.03,In stock,Fiction
201,The High Mountains of Portugal,One,51.15,In stock,Fiction
202,Miller's Valley,Two,58.54,In stock,Fiction
203,Hystopia: A Novel,Four,21.96,In stock,Fiction
204,The Bourne Identity (Jason Bourne #1),Four,42.78,In stock,Fiction
205,Sister Dear,Four,40.2,In stock,Fiction
206,Memoirs of a Geisha,Three,49.67,In stock,Fiction
207,Me Before You (Me Before You #1),One,19.02,In stock,Fiction
208,Deception Point,Four,40.32,In stock,Fiction
209,The Little Paris Bookshop,Three,24.73,In stock,Fiction
210,The Firm,Three,45.56,In stock,Fiction
211,The Expatriates,Two,44.58,In stock,Fiction
212,Siddhartha,Five,34.22,In stock,Fiction
213,Last One Home (New Beginnings #1),Three,59.98,In stock,Fiction
214,Digital Fortress,Five,58.0,In stock,Fiction
215,Atlas Shrugged,Five,26.58,In stock,Fiction
216,Three-Martini Lunch,Three,23.21,In stock,Fiction
217,The Nightingale,Four,26.26,In stock,Fiction
218,The Infinities,One,27.41,In stock,Fiction
219,The Husband's Secret,Five,52.51,In stock,Fiction
220,The Da Vinci Code (Robert Langdon #2),Two,22.96,In stock,Fiction
221,The Art of Fielding,One,22.1,In stock,Fiction
222,Lila (Gilead #3),Three,12.47,In stock,Fiction
223,Jurassic Park (Jurassic Park #1),One,44.97,In stock,Fiction
224,Inferno (Robert Langdon #4),Five,41.0,In stock,Fiction
225,Crazy Rich Asians (Crazy Rich Asians #1),Five,49.13,In stock,Fiction
226,Big Little Lies,One,22.11,In stock,Fiction
227,The Course of Love,Three,16.78,In stock,Fiction
228,When I'm Gone,Three,51.96,In stock,Fiction
229,The Silent Wife,Five,12.34,In stock,Fiction
230,The Bette Davis Club,Three,30.66,In stock,Fiction
231,Kitchens of the Great Midwest,Five,57.2,In stock,Fiction
232,Bright Lines,Five,39.07,In stock,Fiction
233,Birdsong: A Story in Pictures,Three,54.64,In stock,Childrens
234,The Bear and the Piano,One,36.89,In stock,Childrens
235,The Secret of Dreadwillow Carse,One,56.13,In stock,Childrens
236,The White Cat and the Monk: A Retelling of the Poem “Pangur Bán”,Four,58.08,In stock,Childrens
237,Little Red,Three,13.47,In stock,Childrens
238,Walt Disney's Alice in Wonderland,Five,12.96,In stock,Childrens
239,Twenty Yawns,Two,22.08,In stock,Childrens
240,Rain Fish,Three,23.57,In stock,Childrens
241,Once Was a Time,Two,18.28,In stock,Childrens
242,Luis Paints the World,Three,53.95,In stock,Childrens
243,Nap-a-Roo,One,25.08,In stock,Childrens
244,The Whale,Four,35.96,In stock,Childrens
245,"Shrunken Treasures: Literary Classics, Short, Sweet, and Silly",Three,52.87,In stock,Childrens
246,Raymie Nightingale,Two,34.41,In stock,Childrens
247,Playing from the Heart,One,32.38,In stock,Childrens
248,Maybe Something Beautiful: How Art Transformed a Neighborhood,One,22.54,In stock,Childrens
249,The Wild Robot,Three,56.07,In stock,Childrens
250,The Thing About Jellyfish,One,48.77,In stock,Childrens
251,The Lonely Ones,Five,43.59,In stock,Childrens
252,The Day the Crayons Came Home (Crayons),Five,26.33,In stock,Childrens
253,The Cat in the Hat (Beginner Books B-1),Two,16.26,In stock,Childrens
254,Red: The True Story of Red Riding Hood,Three,28.54,In stock,Childrens
255,Horrible Bear!,Two,37.52,In stock,Childrens
256,Green Eggs and Ham (Beginner Books B-16),Four,10.79,In stock,Childrens
257,Counting Thyme,One,10.62,In stock,Childrens
258,Are We There Yet?,Three,10.66,In stock,Childrens
259,Diary of a Minecraft Zombie Book 1: A Scare of a Dare (An Unofficial Minecraft Book),Four,52.88,In stock,Childrens
260,Matilda,One,28.34,In stock,Childrens
261,Charlie and the Chocolate Factory (Charlie Bucket #1),Three,22.85,In stock,Childrens
262,Worlds Elsewhere: Journeys Around Shakespeare’s Globe,Five,40.3,In stock,Nonfiction
263,The Five Love Languages: How to Express Heartfelt Commitment to Your Mate,Three,31.05,In stock,Nonfiction
264,Reasons to Stay Alive,Two,26.41,In stock,Nonfiction
265,#HigherSelfie: Wake Up Your Life. Free Your Soul. Find Your Tribe.,Five,23.11,In stock,Nonfiction
266,"Unseen City: The Majesty of Pigeons, the Discreet Charm of Snails & Other Wonders of the Urban Wilderness",Four,44.18,In stock,Nonfiction
267,Throwing Rocks at the Google Bus: How Growth Became the Enemy of Prosperity,Three,31.12,In stock,Nonfiction
268,The Life-Changing Magic of Tidying Up: The Japanese Art of Decluttering and Organizing,Three,16.77,In stock,Nonfiction
269,The Gutsy Girl: Escapades for Your Life of Epic Adventure,One,37.13,In stock,Nonfiction
270,The Electric Pencil: Drawings from Inside State Hospital No. 3,One,56.06,In stock,Nonfiction
271,Spark Joy: An Illustrated Master Class on the Art of Organizing and Tidying Up,Four,41.83,In stock,Nonfiction
272,Reskilling America: Learning to Labor in the Twenty-First Century,Two,19.83,In stock,Nonfiction
273,In the Country We Love: My Family Divided,Four,22.0,In stock,Nonfiction
274,Everydata: The Misinformation Hidden in the Little Data You Consume Every Day,Two,54.35,In stock,Nonfiction
275,Call the Nurse: True Stories of a Country Nurse on a Scottish Isle,Five,29.14,In stock,Nonfiction
276,Algorithms to Live By: The Computer Science of Human Decisions,One,30.81,In stock,Nonfiction
277,The Power of Now: A Guide to Spiritual Enlightenment,Two,43.54,In stock,Nonfiction
278,The Omnivore's Dilemma: A Natural History of Four Meals,Two,38.21,In stock,Nonfiction
279,The Genius of Birds,One,17.24,In stock,Nonfiction
280,The Artist's Way: A Spiritual Path to Higher Creativity,Five,38.49,In stock,Nonfiction
281,So You've Been Publicly Shamed,Two,12.23,In stock,Nonfiction
282,"Daring Greatly: How the Courage to Be Vulnerable Transforms the Way We Live, Love, Parent, and Lead",Three,19.43,In stock,Nonfiction
283,Big Magic: Creative Living Beyond Fear,Three,30.8,In stock,Nonfiction
284,Becoming Wise: An Inquiry into the Mystery and Art of Living,Two,27.43,In stock,Nonfiction
285,Agnostic: A Spirited Manifesto,Five,12.51,In stock,Nonfiction
286,Whole Lotta Creativity Going On: 60 Fun and Unusual Exercises to Awaken and Strengthen Your Creativity,Four,38.2,In stock,Nonfiction
287,What's It Like in Space?: Stories from Astronauts Who've Been There,Two,19.6,In stock,Nonfiction
288,The Year of Magical Thinking,Two,43.04,In stock,Nonfiction
289,The Literature Book (Big Ideas Simply Explained),Three,17.43,In stock,Nonfiction
290,The Bad-Ass Librarians of Timbuktu: And Their Race to Save the World’s Most Precious Manuscripts,One,15.77,In stock,Nonfiction
291,Swell: A Year of Waves,One,45.58,In stock,Nonfiction
292,No Dream Is Too High: Life Lessons From a Man Who Walked on the Moon,Two,21.95,In stock,Nonfiction
293,Looking for Lovely: Collecting the Moments that Matter,Five,29.14,In stock,Nonfiction
294,Let It Out: A Journey Through Journaling,Five,26.79,In stock,Nonfiction
295,Hamilton: The Revolution,Three,58.79,In stock,Nonfiction
296,"Far & Away: Places on the Brink of Change: Seven Continents, Twenty-Five Years",Four,15.06,In stock,Nonfiction
297,"Eaternity: More than 150 Deliciously Easy Vegan Recipes for a Long, Healthy, Satisfied, Joyful Life",Five,51.75,In stock,Nonfiction
298,Buying In: The Secret Dialogue Between What We Buy and Who We Are,Four,37.8,In stock,Nonfiction
299,Brain on Fire: My Month of Madness,Five,49.32,In stock,Nonfiction
300,Abstract City,Five,56.37,In stock,Nonfiction
301,13 Hours: The Inside Account of What Really Happened In Benghazi,One,27.06,In stock,Nonfiction
302,The Lonely City: Adventures in the Art of Being Alone,Two,33.26,In stock,Nonfiction
303,The Diary of a Young Girl,Three,59.9,In stock,Nonfiction
304,Snatched: How A Drug Queen Went Undercover for the DEA and Was Kidnapped By Colombian Guerillas,Three,21.21,In stock,Nonfiction
305,Furiously Happy: A Funny Book About Horrible Things,Four,41.46,In stock,Nonfiction
306,"The Sleep Revolution: Transforming Your Life, One Night at a Time",Four,11.68,In stock,Nonfiction
307,"Mother, Can You Not?",Five,16.89,In stock,Nonfiction
308,A Mother's Reckoning: Living in the Aftermath of Tragedy,Three,19.53,In stock,Nonfiction
309,"10% Happier: How I Tamed the Voice in My Head, Reduced Stress Without Losing My Edge, and Found Self-Help That Actually Works",Two,24.57,In stock,Nonfiction
310,Chernobyl 01:23:40: The Incredible True Story of the World's Worst Nuclear Disaster,Two,35.92,In stock,Nonfiction
311,"Zero to One: Notes on Startups, or How to Build the Future",Three,34.06,In stock,Nonfiction
312,Why Not Me?,One,17.76,In stock,Nonfiction
313,When Breath Becomes Air,Two,39.36,In stock,Nonfiction
314,"The Midnight Assassin: Panic, Scandal, and the Hunt for America's First Serial Killer",Four,28.45,In stock,Nonfiction
315,Smarter Faster Better: The Secrets of Being Productive in Life and Business,Five,38.89,In stock,Nonfiction
316,Rising Strong,Three,21.82,In stock,Nonfiction
317,Man's Search for Meaning,Three,29.48,In stock,Nonfiction
318,"Love That Boy: What Two Presidents, Eight Road Trips, and My Son Taught Me About a Parent's Expectations",Two,25.06,In stock,Nonfiction
319,Living Forward: A Proven Plan to Stop Drifting and Get the Life You Want,Three,12.55,In stock,Nonfiction
320,I Will Find You,One,44.21,In stock,Nonfiction
321,Brazen: The Courage to Find the You That's Been Hiding,Two,19.22,In stock,Nonfiction
322,Between the World and Me,Four,56.91,In stock,Nonfiction
323,Being Mortal: Medicine and What Matters in the End,Four,55.06,In stock,Nonfiction
324,"A Murder Over a Girl: Justice, Gender, Junior High",Three,13.2,In stock,Nonfiction
325,For the Love: Fighting for Grace in a World of Impossible Standards,Three,45.13,In stock,Nonfiction
326,Finding God in the Ruins: How God Redeems Pain,Two,46.64,In stock,Nonfiction
327,The Man Who Mistook His Wife for a Hat and Other Clinical Tales,Four,59.45,In stock,Nonfiction
328,In Cold Blood,Four,49.98,In stock,Nonfiction
329,"Girl, Interrupted",Three,42.14,In stock,Nonfiction
330,Why Save the Bankers?: And Other Essays on Our Economic and Political Crisis,Two,48.67,In stock,Nonfiction
331,Talking to Girls About Duran Duran: One Young Man's Quest for True Love and a Cooler Haircut,Four,25.15,In stock,Nonfiction
332,My Mother Was Nuts,Four,31.63,In stock,Nonfiction
333,"Data, A Love Story: How I Gamed Online Dating to Meet My Match",Three,32.35,In stock,Nonfiction
334,The Jazz of Physics: The Secret Link Between Music and the Structure of the Universe,Three,38.71,In stock,Nonfiction
335,The Gunning of America: Business and the Making of American Gun Culture,Four,16.81,In stock,Nonfiction
336,The Geography of Bliss: One Grump's Search for the Happiest Places in the World,Two,28.23,In stock,Nonfiction
337,God Is Not Great: How Religion Poisons Everything,One,27.8,In stock,Nonfiction
338,We the People: The Modern-Day Figures Who Have Reshaped and Affirmed the Founding Fathers' Vision of America,Three,31.95,In stock,Nonfiction
339,Very Good Lives: The Fringe Benefits of Failure and the Importance of Imagination,Three,50.66,In stock,Nonfiction
340,"Unstuffed: Decluttering Your Home, Mind, and Soul",One,58.09,In stock,Nonfiction
341,Under the Banner of Heaven: A Story of Violent Faith,One,30.0,In stock,Nonfiction
342,"Trespassing Across America: One Man's Epic, Never-Done-Before (and Sort of Illegal) Hike Across the Heartland",One,53.51,In stock,Nonfiction
343,The Name of God is Mercy,Two,37.25,In stock,Nonfiction
344,Stiff: The Curious Lives of Human Cadavers,Three,36.74,In stock,Nonfiction
345,Spilled Milk: Based on a True Story,One,49.51,In stock,Nonfiction
346,"Rise of the Rocket Girls: The Women Who Propelled Us, from Missiles to the Moon to Mars",Four,41.67,In stock,Nonfiction
347,Outliers: The Story of Success,One,14.16,In stock,Nonfiction
348,Notes from a Small Island (Notes From a Small Island #1),One,40.17,In stock,Nonfiction
349,Night (The Night Trilogy #1),One,13.51,In stock,Nonfiction
350,"Miracles from Heaven: A Little Girl, Her Journey to Heaven, and Her Amazing Story of Healing",One,57.83,In stock,Nonfiction
351,Letter to a Christian Nation,One,22.2,In stock,Nonfiction
352,Let's Pretend This Never Happened: A Mostly True Memoir,One,45.11,In stock,Nonfiction
353,It's Never Too Late to Begin Again: Discovering Creativity and Meaning at Midlife and Beyond,One,42.38,In stock,Nonfiction
354,Into the Wild,Five,56.7,In stock,Nonfiction
355,"In the Garden of Beasts: Love, Terror, and an American Family in Hitler's Berlin",Three,28.85,In stock,Nonfiction
356,I Am Malala: The Girl Who Stood Up for Education and Was Shot by the Taliban,Two,28.88,In stock,Nonfiction
357,Gratitude,Five,26.66,In stock,Nonfiction
358,Disrupted: My Misadventure in the Start-Up Bubble,Five,15.28,In stock,Nonfiction
359,Brave Enough,Five,51.32,In stock,Nonfiction
360,"Born to Run: A Hidden Tribe, Superathletes, and the Greatest Race the World Has Never Seen",Two,27.35,In stock,Nonfiction
361,Blink: The Power of Thinking Without Thinking,Five,21.74,In stock,Nonfiction
362,Black Flags: The Rise of ISIS,One,40.87,In stock,Nonfiction
363,Are We Smart Enough to Know How Smart Animals Are?,One,56.58,In stock,Nonfiction
364,A Walk in the Woods: Rediscovering America on the Appalachian Trail,Four,30.48,In stock,Nonfiction
365,"The Suffragettes (Little Black Classics, #96)",Two,11.89,In stock,Nonfiction
366,Kindle Paperwhite User's Guide,Three,34.0,In stock,Nonfiction
367,H is for Hawk,Five,57.42,In stock,Nonfiction
368,Travels with Charley: In Search of America,Five,57.82,In stock,Nonfiction
369,The Tumor,Five,41.56,In stock,Nonfiction
370,The End of the Jesus Era (An Investigation #1),One,14.4,In stock,Nonfiction
371,"Eat, Pray, Love",Three,51.32,In stock,Nonfiction
372,"The Coming Woman: A Novel Based on the Life of the Infamous Feminist, Victoria Woodhull",Three,17.93,In stock,Default
373,The Boys in the Boat: Nine Americans and Their Epic Quest for Gold at the 1936 Berlin Olympics,Four,22.6,In stock,Default
374,"Starving Hearts (Triangular Trade Trilogy, #1)",Two,13.99,In stock,Default
375,America's Cradle of Quarterbacks: Western Pennsylvania's Football Factory from Johnny Unitas to Joe Montana,Three,22.5,In stock,Default
376,Aladdin and His Wonderful Lamp,Three,53.13,In stock,Default
377,Penny Maybe,Three,33.29,In stock,Default
378,Maude (1883-1993):She Grew Up with the country,Two,18.02,In stock,Default
379,"The Inefficiency Assassin: Time Management Tactics for Working Smarter, Not Longer",Five,20.59,In stock,Default
380,Soul Reader,Two,39.58,In stock,Default
381,Bossypants,Two,49.46,In stock,Default
382,A World of Flavor: Your Gluten Free Passport,One,42.95,In stock,Default
383,"A Piece of Sky, a Grain of Rice: A Memoir in Four Meditations",Five,56.76,In stock,Default
384,Tracing Numbers on a Train,Three,41.6,In stock,Default
385,Thirteen Reasons Why,One,52.72,In stock,Default
386,The Secret (The Secret #1),Four,27.37,In stock,Default
387,The Psychopath Test: A Journey Through the Madness Industry,Two,36.0,In stock,Default
388,The Kite Runner,Four,41.82,In stock,Default
389,The Girl on the Train,Two,55.02,In stock,Default
390,The Emerald Mystery,Two,23.15,In stock,Default
391,The Bridge to Consciousness: I'm Writing the Bridge Between Science and Our Old and New Beliefs.,Three,32.0,In stock,Default
392,The Art of War,Five,33.34,In stock,Default
393,Secrets and Lace (Fatal Hearts #1),One,20.27,In stock,Default
394,Romero and Juliet: A Tragic Tale of Love and Zombies,One,36.94,In stock,Default
395,Poses for Artists Volume 1 - Dynamic and Sitting Poses: An Essential Reference for Figure Drawing and the Human Form,One,41.06,In stock,Default
396,Miss Peregrine’s Home for Peculiar Children (Miss Peregrine’s Peculiar Children #1),One,10.76,In stock,Default
397,Large Print Heart of the Pride,Two,19.15,In stock,Default
398,Grumbles,Two,22.16,In stock,Default
399,First Steps for New Christians (Print Edition),One,29.0,In stock,Default
400,Eureka Trivia 6.0,Four,54.59,In stock,Default
401,Drive: The Surprising Truth About What Motivates Us,Four,34.95,In stock,Default
402,Done Rubbed Out (Reightman & Bailey #1),Five,37.72,In stock,Default
403,Beauty Restored (Riley Family Legacy Novellas #3),Two,11.11,In stock,Default
404,Ayumi's Violin,Two,15.48,In stock,Default
405,Anonymous,Four,46.82,In stock,Default
406,Amy Meets the Saints and Sages,Three,18.46,In stock,Default
407,Amatus,Five,50.54,In stock,Default
408,V for Vendetta (V for Vendetta Complete),Four,37.1,In stock,Default
409,"Unbroken: A World War II Story of Survival, Resilience, and Redemption",Two,45.95,In stock,Default
410,The Wright Brothers,Four,56.8,In stock,Default
411,The Songs of the Gods,Five,44.48,In stock,Default
412,The Rosie Project (Don Tillman #1),One,54.04,In stock,Default
413,The Power of Habit: Why We Do What We Do in Life and Business,Three,16.88,In stock,Default
414,Steve Jobs,Five,39.5,In stock,Default
415,Luckiest Girl Alive,Three,49.83,In stock,Default
416,"Living Leadership by Insight: A Good Leader Achieves, a Great Leader Builds Monuments",Four,46.91,In stock,Default
417,Lady Midnight (The Dark Artifices #1),Five,16.28,In stock,Default
418,"Hush, Hush (Hush, Hush #1)",Three,47.02,In stock,Default
419,Greek Mythic History,Five,10.23,In stock,Default
420,Every Last Word,Three,46.47,In stock,Default
421,Daily Fantasy Sports,One,36.58,In stock,Default
422,Clockwork Angel (The Infernal Devices #1),One,44.14,In stock,Default
423,City of Fallen Angels (The Mortal Instruments #4),Four,11.23,In stock,Default
424,City of Bones (The Mortal Instruments #1),One,43.28,In stock,Default
425,City of Ashes (The Mortal Instruments #2),One,47.27,In stock,Default
426,"Carry On, Warrior: Thoughts on Life Unarmed",Three,31.85,In stock,Default
427,Carrie,Two,46.23,In stock,Default
428,Angels & Demons (Robert Langdon #1),Three,51.48,In stock,Default
429,"The Three Searches, Meaning, and the Story",Three,13.33,In stock,Default
430,Raspberry Pi Electronics Projects for the Evil Genius,Four,49.67,In stock,Default
431,How to Speak Golf: An Illustrated Guide to Links Lingo,Five,58.32,In stock,Default
432,Eleanor & Park,Five,56.51,In stock,Default
433,Troublemaker: Surviving Hollywood and Scientology,Two,48.39,In stock,Default
434,Adultery,Five,20.88,In stock,Default
435,Unlimited Intuition Now,Four,58.87,In stock,Default
436,Underlying Notes,Two,11.82,In stock,Default
437,The New Brand You: Your New Image Makes the Sale for You,Five,44.05,In stock,Default
438,The Flowers Lied,Two,16.68,In stock,Default
439,"NaNo What Now? Finding your editing process, revising your NaNoWriMo book and building a writing career through publishing and beyond",Four,10.41,In stock,Default
440,Modern Day Fables,Two,47.44,In stock,Default
441,The Unlikely Pilgrimage of Harold Fry (Harold Fry #1),Five,43.62,In stock,Default
442,The Martian (The Martian #1),Two,41.39,In stock,Default
443,Left Behind (Left Behind #1),Two,40.72,In stock,Default
444,John Vassos: Industrial Design for Modern Life,Four,20.22,In stock,Default
445,I'll Give You the Sun,One,56.48,In stock,Default
446,Heaven is for Real: A Little Boy's Astounding Story of His Trip to Heaven and Back,Two,52.86,In stock,Default
447,Ender's Game (The Ender Quintet #1),One,43.64,In stock,Default
448,Death by Leisure: A Cautionary Tale,Four,37.51,In stock,Default
449,Wildlife of New York: A Five-Borough Coloring Book,Two,22.14,In stock,Default
450,The Year of Living Biblically: One Man's Humble Quest to Follow the Bible as Literally as Possible,One,34.72,In stock,Default
451,The Great Gatsby,Four,36.05,In stock,Default
452,The Good Girl,Three,49.03,In stock,Default
453,The 7 Habits of Highly Effective People: Powerful Lessons in Personal Change,Four,33.17,In stock,Default
454,Steal Like an Artist: 10 Things Nobody Told You About Being Creative,Two,20.9,In stock,Default
455,Life of Pi,Four,13.22,In stock,Default
456,The Sound Of Love,Five,57.84,In stock,Default
457,The Perks of Being a Wallflower,Three,55.02,In stock,Default
458,The Makings of a Fatherless Child,Two,31.58,In stock,Default
459,The Hobbit (Middle-Earth Universe),Five,17.8,In stock,Default
460,The Fellowship of the Ring (The Lord of the Rings #1),Two,10.27,In stock,Default
461,Ship Leaves Harbor: Essays on Travel by a Recovering Journeyman,Three,30.6,In stock,Default
462,Musicophilia: Tales of Music and the Brain,One,46.58,In stock,Default
463,What If?: Serious Scientific Answers to Absurd Hypothetical Questions,Four,53.68,In stock,Default
464,The Fault in Our Stars,One,47.22,In stock,Default
465,The Dream Thieves (The Raven Cycle #2),One,34.5,In stock,Default
466,The 5th Wave (The 5th Wave #1),Two,11.83,In stock,Default
467,Shiver (The Wolves of Mercy Falls #1),Five,16.23,In stock,Default
468,Remember Me?,Three,11.48,In stock,Default
469,If I Stay (If I Stay #1),Five,38.13,In stock,Default
470,I Know Why the Caged Bird Sings (Maya Angelou's Autobiography #1),Two,36.55,In stock,Default
471,Harry Potter and the Deathly Hallows (Harry Potter #7),One,23.32,In stock,Default
472,Fool Me Once,One,16.96,In stock,Default
473,Drama,Two,38.7,In stock,Default
474,"Blue Lily, Lily Blue (The Raven Cycle #3)",Five,34.13,In stock,Default
475,Alight (The Generations Trilogy #2),Four,58.59,In stock,Default
476,Vogue Colors A to Z: A Fashion Coloring Book,Four,52.35,In stock,Default
477,The Shining (The Shining #1),Three,27.88,In stock,Default
478,The Hunger Games (The Hunger Games #1),Five,29.85,In stock,Default
479,Outlander (Outlander #1),Five,19.67,In stock,Default
480,Mockingjay (The Hunger Games #3),Four,20.44,In stock,Default
481,Harry Potter and the Sorcerer's Stone (Harry Potter #1),Three,13.9,In stock,Default
482,Confessions of a Shopaholic (Shopaholic #1),Two,48.94,In stock,Default
483,Zero History (Blue Ant #3),One,34.77,In stock,Default
484,World War Z: An Oral History of the Zombie War,One,21.8,In stock,Default
485,Wild: From Lost to Found on the Pacific Crest Trail,Three,46.02,In stock,Default
486,"Where'd You Go, Bernadette",One,18.13,In stock,Default
487,Twilight (Twilight #1),Two,41.93,In stock,Default
488,The Paris Wife,Three,36.8,In stock,Default
489,The Maze Runner (The Maze Runner #1),One,20.93,In stock,Default
490,The Lover's Dictionary,Two,58.09,In stock,Default
491,The Goldfinch,Three,43.58,In stock,Default
492,The Giver (The Giver Quartet #1),One,12.3,In stock,Default
493,The Girl Who Played with Fire (Millennium Trilogy #2),Two,22.14,In stock,Default
494,The Demon-Haunted World: Science as a Candle in the Dark,Four,52.25,In stock,Default
495,The Book Thief,Two,53.49,In stock,Default
496,The Autobiography of Malcolm X,Two,23.43,In stock,Default
497,Shopaholic & Baby (Shopaholic #5),Two,46.45,In stock,Default
498,Quiet: The Power of Introverts in a World That Can't Stop Talking,One,43.55,In stock,Default
499,Packing for Mars: The Curious Science of Life in the Void,Two,56.68,In stock,Default
500,Orange Is the New Black,Two,24.61,In stock,Default
501,One for the Money (Stephanie Plum #1),Two,32.87,In stock,Default
502,Morning Star (Red Rising #3),One,29.4,In stock,Default
503,Life After Life,Two,26.13,In stock,Default
504,"Lean In: Women, Work, and the Will to Lead",One,25.02,In stock,Default
505,Is Everyone Hanging Out Without Me? (And Other Concerns),Three,20.11,In stock,Default
506,Gone Girl,Five,37.6,In stock,Default
507,Fellside,One,38.62,In stock,Default
508,Eclipse (Twilight #3),One,18.74,In stock,Default
509,Dracula,Three,52.62,In stock,Default
510,Dead Wake: The Last Crossing of the Lusitania,Five,39.24,In stock,Default
511,"David and Goliath: Underdogs, Misfits, and the Art of Battling Giants",One,17.81,In stock,Default
512,Dark Places,Five,23.9,In stock,Default
513,Breaking Dawn (Twilight #4),Five,35.28,In stock,Default
514,Beautiful Creatures (Caster Chronicles #1),Five,21.55,In stock,Default
515,A Visit from the Goon Squad,Five,14.08,In stock,Default
516,The Zombie Room,Five,19.69,In stock,Default
517,The Name of the Wind (The Kingkiller Chronicle #1),Three,50.59,In stock,Default
518,Taking Shots (Assassins #1),Two,18.88,In stock,Default
519,Shatter Me (Shatter Me #1),One,42.4,In stock,Default
520,Paradise Lost (Paradise #1),One,24.96,In stock,Default
521,On the Road (Duluoz Legend),Three,32.36,In stock,Default
522,Jane Eyre,Five,38.43,In stock,Default
523,Frankenstein,Two,38.0,In stock,Default
524,The Torch Is Passed: A Harding Family Story,One,19.09,In stock,Add a comment
525,"The Mindfulness and Acceptance Workbook for Anxiety: A Guide to Breaking Free from Anxiety, Phobias, and Worry Using Acceptance and Commitment Therapy",Four,23.89,In stock,Add a comment
526,The Art Forger,Three,40.76,In stock,Add a comment
527,On a Midnight Clear,Three,14.07,In stock,Add a comment
528,Judo: Seven Steps to Black Belt (an Introductory Guide for Beginners),Two,53.9,In stock,Add a comment
529,"Shobu Samurai, Project Aryoku (#3)",Three,29.06,In stock,Add a comment
530,Modern Romance,Five,28.26,In stock,Add a comment
531,The White Queen (The Cousins' War #1),Five,25.91,In stock,Add a comment
532,The Song of Achilles,Five,37.4,In stock,Add a comment
533,The Immortal Life of Henrietta Lacks,Two,40.67,In stock,Add a comment
534,The Dovekeepers,One,48.78,In stock,Add a comment
535,More Than Music (Chasing the Dream #1),Two,37.61,In stock,Add a comment
536,Code Name Verity (Code Name Verity #1),Four,22.13,In stock,Add a comment
537,Cell,Four,20.29,In stock,Add a comment
538,Angels Walking (Angels Walking #1),Two,34.2,In stock,Add a comment
539,"A Series of Catastrophes and Miracles: A True Story of Love, Science, and Cancer",Two,56.48,In stock,Add a comment
540,A People's History of the United States,Two,40.79,In stock,Add a comment
541,A Brush of Wings (Angels Walking #3),One,55.51,In stock,Add a comment
542,Rook,Four,37.86,In stock,Add a comment
543,The Midnight Watch: A Novel of the Titanic and the Californian,One,26.2,In stock,Add a comment
544,The Gray Rhino: How to Recognize and Act on the Obvious Dangers We Ignore,Four,59.15,In stock,Add a comment
545,The Children,Three,11.88,In stock,Add a comment
546,One with You (Crossfire #5),Four,15.71,In stock,Add a comment
547,Without Shame,Five,48.27,In stock,Add a comment
548,Watchmen,Four,58.05,In stock,Add a comment
549,A Hero's Curse (The Unseen Chronicles #1),Three,50.49,In stock,Add a comment
550,23 Degrees South: A Tropical Tale of Changing Whether...,Two,35.79,In stock,Add a comment
551,The Glass Castle,One,16.24,In stock,Add a comment
552,The Drowning Girls,Three,35.67,In stock,Add a comment
553,Team of Rivals: The Political Genius of Abraham Lincoln,Five,20.12,In stock,Add a comment
554,John Adams,Four,57.43,In stock,Add a comment
555,Good in Bed (Cannie Shapiro #1),Five,37.05,In stock,Add a comment
556,The Joy of Cooking,Four,43.27,In stock,Add a comment
557,The Golden Compass (His Dark Materials #1),One,18.77,In stock,Add a comment
558,The God Delusion,Three,46.85,In stock,Add a comment
559,Pride and Prejudice,Four,19.27,In stock,Add a comment
560,Mere Christianity,Three,48.51,In stock,Add a comment
561,Fun Home: A Family Tragicomic,Four,56.59,In stock,Add a comment
562,The Raven King (The Raven Cycle #4),Two,30.57,In stock,Add a comment
563,Find Her (Detective D.D. Warren #8),One,22.37,In stock,Add a comment
564,Evicted: Poverty and Profit in the American City,One,42.27,In stock,Add a comment
565,A Game of Thrones (A Song of Ice and Fire #1),Two,46.42,In stock,Add a comment
566,A Clash of Kings (A Song of Ice and Fire #2),Three,10.79,In stock,Add a comment
567,The Tipping Point: How Little Things Can Make a Big Difference,Two,10.02,In stock,Add a comment
568,The Rest Is Noise: Listening to the Twentieth Century,One,34.77,In stock,Add a comment
569,The Purpose Driven Life: What on Earth Am I Here for?,Three,37.19,In stock,Add a comment
570,The Hitchhiker's Guide to the Galaxy (Hitchhiker's Guide to the Galaxy #1),Three,47.8,In stock,Add a comment
571,The Girl Who Kicked the Hornet's Nest (Millennium Trilogy #3),One,57.48,In stock,Add a comment
572,"The End of Faith: Religion, Terror, and the Future of Reason",Four,22.13,In stock,Add a comment
573,The Complete Poems,Five,41.32,In stock,Add a comment
574,The Catcher in the Rye,One,24.55,In stock,Add a comment
575,The Case for Christ (Cases for Christianity),One,47.84,In stock,Add a comment
576,The Blind Side: Evolution of a Game,Five,53.71,In stock,Add a comment
577,Seven Days in the Art World,Two,52.33,In stock,Add a comment
578,Sarah's Key,One,46.29,In stock,Add a comment
579,Rogue Lawyer (Rogue Lawyer #1),Three,50.11,In stock,Add a comment
580,Manuscript Found in Accra,Two,34.98,In stock,Add a comment
581,Fire Bound (Sea Haven/Sisters of the Heart #5),Four,21.28,In stock,Add a comment
582,Cosmos,Two,36.17,In stock,Add a comment
583,#GIRLBOSS,One,50.96,In stock,Add a comment
584,The Sense of an Ending,Three,31.38,In stock,Add a comment
585,The Republic,Three,33.78,In stock,Add a comment
586,The Odyssey,Three,29.64,In stock,Add a comment
587,The Light of the Fireflies,One,54.43,In stock,Add a comment
588,The Iliad,One,16.16,In stock,Add a comment
589,The Communist Manifesto,Three,14.76,In stock,Add a comment
590,Lord of the Flies,Three,24.89,In stock,Add a comment
591,Unicorn Tracks,Three,18.78,In stock,Fantasy
592,"Saga, Volume 6 (Saga (Collected Editions) #6)",Three,25.02,In stock,Fantasy
593,Princess Between Worlds (Wide-Awake Princess #5),Five,13.34,In stock,Fantasy
594,Masks and Shadows,Two,56.4,In stock,Fantasy
595,Crown of Midnight (Throne of Glass #2),Three,43.29,In stock,Fantasy
596,"Avatar: The Last Airbender: Smoke and Shadow, Part 3 (Smoke and Shadow #3)",Two,28.09,In stock,Fantasy
597,A Court of Thorns and Roses (A Court of Thorns and Roses #1),One,52.37,In stock,Fantasy
598,Throne of Glass (Throne of Glass #1),Three,35.07,In stock,Fantasy
599,The Glittering Court (The Glittering Court #1),One,44.28,In stock,Fantasy
600,Hollow City (Miss Peregrine’s Peculiar Children #2),One,42.98,In stock,Fantasy
601,The Star-Touched Queen,Five,46.02,In stock,Fantasy
602,The Hidden Oracle (The Trials of Apollo #1),Two,52.26,In stock,Fantasy
603,The Bane Chronicles (The Bane Chronicles #1-11),Four,44.73,In stock,Fantasy
604,Island of Dragons (Unwanteds #7),One,29.65,In stock,Fantasy
605,Demigods & Magicians: Percy and Annabeth Meet the Kanes (Percy Jackson & Kane Chronicles Crossover #1-3),Five,37.51,In stock,Fantasy
606,City of Glass (The Mortal Instruments #3),Four,56.02,In stock,Fantasy
607,Searching for Meaning in Gailana,One,38.73,In stock,Fantasy
608,The Star-Touched Queen,Five,32.3,In stock,Fantasy
609,A Shard of Ice (The Black Symphony Saga #1),Three,56.63,In stock,Fantasy
610,King's Folly (The Kinsman Chronicles #1),Five,39.61,In stock,Fantasy
611,Every Heart a Doorway (Every Heart A Doorway #1),Five,12.16,In stock,Fantasy
612,A Gathering of Shadows (Shades of Magic #2),Four,44.81,In stock,Fantasy
613,The Raven Boys (The Raven Cycle #1),Four,57.74,In stock,Fantasy
614,The False Prince (The Ascendance Trilogy #1),Five,56.0,In stock,Fantasy
615,Tell the Wind and Fire,Three,45.51,In stock,Fantasy
616,A Feast for Crows (A Song of Ice and Fire #4),Four,17.21,In stock,Fantasy
617,The Demonists (Demonist #1),Two,52.11,In stock,Fantasy
618,The Beast (Black Dagger Brotherhood #14),Five,46.08,In stock,Fantasy
619,Paper and Fire (The Great Library #2),Five,49.45,In stock,Fantasy
620,Harry Potter and the Order of the Phoenix (Harry Potter #5),Four,31.63,In stock,Fantasy
621,Harry Potter and the Half-Blood Prince (Harry Potter #6),Five,48.75,In stock,Fantasy
622,Harry Potter and the Chamber of Secrets (Harry Potter #2),One,14.74,In stock,Fantasy
623,The Rose & the Dagger (The Wrath and the Dawn #2),Four,58.64,In stock,Fantasy
624,Soldier (Talon #3),Two,24.72,In stock,Fantasy
625,Midnight Riot (Peter Grant/ Rivers of London - books #1),Two,55.46,In stock,Fantasy
626,Heir to the Sky,Four,44.07,In stock,Fantasy
627,Eragon (The Inheritance Cycle #1),Three,43.87,In stock,Fantasy
628,Darkfever (Fever #1),One,56.02,In stock,Fantasy
629,Ash,Four,22.06,In stock,Fantasy
630,A Storm of Swords (A Song of Ice and Fire #3),Two,31.22,In stock,Fantasy
631,Vampire Girl (Vampire Girl #1),Two,53.82,In stock,Fantasy
632,The Silent Twin (Detective Jennifer Knight #3),Three,36.25,In stock,Fantasy
633,The Mirror & the Maze (The Wrath and the Dawn #1.5),One,29.38,In stock,Fantasy
634,Sister Sable (The Mad Queen #1),Three,13.33,In stock,Fantasy
635,Shadow Rites (Jane Yellowrock #10),Four,21.72,In stock,Fantasy
636,Origins (Alphas 0.5),One,28.99,In stock,Fantasy
637,One Second (Seven #7),Two,52.94,In stock,Fantasy
638,Myriad (Prentor #1),Four,58.75,In stock,Fantasy
639,The Requiem Red,One,22.65,In stock,Young Adult
640,Set Me Free,Five,17.46,In stock,Young Adult
641,The Natural History of Us (The Fine Art of Pretending #2),Three,45.22,In stock,Young Adult
642,Obsidian (Lux #1),Two,14.86,In stock,Young Adult
643,Burning,Three,28.81,In stock,Young Adult
644,A Fierce and Subtle Poison,Four,28.13,In stock,Young Adult
645,Scarlett Epstein Hates It Here,Five,43.55,In stock,Young Adult
646,"Nightingale, Sing",One,38.28,In stock,Young Adult
647,Library of Souls (Miss Peregrine’s Peculiar Children #3),Five,48.56,In stock,Young Adult
648,Frostbite (Vampire Academy #2),Five,29.99,In stock,Young Adult
649,Wild Swans,Two,14.36,In stock,Young Adult
650,Until Friday Night (The Field Party #1),Two,46.31,In stock,Young Adult
651,This Is Where It Ends,Two,27.12,In stock,Young Adult
652,The Darkest Lie,Five,35.35,In stock,Young Adult
653,My Kind of Crazy,One,40.36,In stock,Young Adult
654,Don't Get Caught,One,55.35,In stock,Young Adult
655,Catching Jordan (Hundred Oaks),Three,50.83,In stock,Young Adult
656,Aristotle and Dante Discover the Secrets of the Universe (Aristotle and Dante Discover the Secrets of the Universe #1),Four,58.14,In stock,Young Adult
657,The Epidemic (The Program 0.6),Five,14.44,In stock,Young Adult
658,Stars Above (The Lunar Chronicles #4.5),Two,48.05,In stock,Young Adult
659,No Love Allowed (Dodge Cove #1),Four,54.65,In stock,Young Adult
660,"Exit, Pursued by a Bear",Four,51.34,In stock,Young Adult
661,The Alien Club,One,54.4,In stock,Young Adult
662,Don't Forget Steven,One,33.23,In stock,Young Adult
663,South of Sunshine,One,28.93,In stock,Young Adult
664,My Life Next Door (My Life Next Door ),Five,36.39,In stock,Young Adult
665,Future Shock (Future Shock #1),Five,55.65,In stock,Young Adult
666,Nightstruck: A Novel,Four,50.35,In stock,Young Adult
667,Tell the Wolves I'm Home,Two,50.96,In stock,Young Adult
668,"Will Grayson, Will Grayson (Will Grayson, Will Grayson)",Four,47.31,In stock,Young Adult
669,Where She Went (If I Stay #2),Four,41.73,In stock,Young Adult
670,Two Summers,One,14.64,In stock,Young Adult
671,The Darkest Corners,Five,11.33,In stock,Young Adult
672,Tell Me Three Things,One,41.81,In stock,Young Adult
673,Lola and the Boy Next Door (Anna and the French Kiss #2),Four,23.63,In stock,Young Adult
674,Kill the Boy Band,Five,15.52,In stock,Young Adult
675,Isla and the Happily Ever After (Anna and the French Kiss #3),Five,48.13,In stock,Young Adult
676,An Abundance of Katherines,Five,10.0,In stock,Young Adult
677,Harry Potter and the Prisoner of Azkaban (Harry Potter #3),Four,24.17,In stock,Young Adult
678,Walk the Edge (Thunder Road #2),Three,32.36,In stock,Young Adult
679,Two Boys Kissing,Two,32.74,In stock,Young Adult
680,The New Guy (and Other Senior Year Distractions),Three,44.92,In stock,Young Adult
681,"The Land of 10,000 Madonnas",Four,29.64,In stock,Young Adult
682,Scarlet (The Lunar Chronicles #2),Four,14.57,In stock,Young Adult
683,Legend (Legend #1),Four,43.69,In stock,Young Adult
684,Lady Renegades (Rebel Belle #3),Five,53.04,In stock,Young Adult
685,Golden (Heart of Dread #3),Four,42.21,In stock,Young Adult
686,Cinder (The Lunar Chronicles #1),One,26.09,In stock,Young Adult
687,Boy Meets Boy,Three,21.12,In stock,Young Adult
688,Annie on My Mind,Five,36.83,In stock,Young Adult
689,New Moon (Twilight #2),Four,12.86,In stock,Young Adult
690,Girl Online On Tour (Girl Online #2),One,53.47,In stock,Young Adult
691,The Haters,Five,27.89,In stock,Young Adult
692,The Art of Not Breathing,Four,40.83,In stock,Young Adult
693,"Foolproof Preserving: A Guide to Small Batch Jams, Jellies, Pickles, Condiments, and More: A Foolproof Guide to Making Small Batch Jams, Jellies, Pickles, Condiments, and More",Three,30.52,In stock,Food and Drink
694,"The Pioneer Woman Cooks: Dinnertime: Comfort Classics, Freezer Food, 16-Minute Meals, and Other Delicious Ways to Solve Supper!",One,56.41,In stock,Food and Drink
695,My Paris Kitchen: Recipes and Stories,Two,33.37,In stock,Food and Drink
696,"Mama Tried: Traditional Italian Cooking for the Screwed, Crude, Vegan, and Tattooed",Four,14.02,In stock,Food and Drink
697,"Layered: Baking, Building, and Styling Spectacular Cakes",One,40.11,In stock,Food and Drink
698,The Nerdy Nummies Cookbook: Sweet Treats for the Geek in All of Us,Five,37.34,In stock,Food and Drink
699,The Love and Lemons Cookbook: An Apple-to-Zucchini Celebration of Impromptu Cooking,Two,37.6,In stock,Food and Drink
700,The Cookies & Cups Cookbook: 125+ sweet & savory recipes reminding you to Always Eat Dessert First,One,41.25,In stock,Food and Drink
701,"Deliciously Ella Every Day: Quick and Easy Recipes for Gluten-Free Snacks, Packed Lunches, and Simple Meals",Three,42.16,In stock,Food and Drink
702,The Help Yourself Cookbook for Kids: 60 Easy Plant-Based Recipes Kids Can Make to Stay Healthy and Save the Earth,Three,28.77,In stock,Food and Drink
703,"It's All Easy: Healthy, Delicious Weeknight Meals in under 30 Minutes",One,19.55,In stock,Food and Drink
704,Barefoot Contessa Back to Basics,One,28.01,In stock,Food and Drink
705,Barefoot Contessa at Home: Everyday Recipes You'll Make Over and Over Again,Five,50.62,In stock,Food and Drink
706,My Kitchen Year: 136 Recipes That Saved My Life,Two,11.53,In stock,Food and Drink
707,Everyday Italian: 125 Simple and Delicious Recipes,Five,20.1,In stock,Food and Drink
708,"A la Mode: 120 Recipes in 60 Pairings: Pies, Tarts, Cakes, Crisps, and More Topped with Ice Cream, Gelato, Frozen Custard, and More",One,38.77,In stock,Food and Drink
709,Cravings: Recipes for What You Want to Eat,Three,20.5,In stock,Food and Drink
710,"The Moosewood Cookbook: Recipes from Moosewood Restaurant, Ithaca, New York",Four,12.34,In stock,Food and Drink
711,32 Yolks,Two,53.63,In stock,Food and Drink
712,"Naturally Lean: 125 Nourishing Gluten-Free, Plant-Based Recipes--All Under 300 Calories",Five,11.38,In stock,Food and Drink
713,How to Cook Everything Vegetarian: Simple Meatless Recipes for Great Food (How to Cook Everything),Four,46.01,In stock,Food and Drink
714,How to Be a Domestic Goddess: Baking and the Art of Comfort Cooking,Two,28.25,In stock,Food and Drink
715,The Barefoot Contessa Cookbook,Five,59.92,In stock,Food and Drink
716,Better Homes and Gardens New Cook Book,Three,39.61,In stock,Food and Drink
717,The Power Greens Cookbook: 140 Delicious Superfood Recipes,Five,11.05,In stock,Food and Drink
718,Mexican Today: New and Rediscovered Recipes for Contemporary Kitchens,Five,24.91,In stock,Food and Drink
719,Vegan Vegetarian Omnivore: Dinner for Everyone at the Table,Two,13.66,In stock,Food and Drink
720,The Smitten Kitchen Cookbook,One,23.59,In stock,Food and Drink
721,"The Art of Simple Food: Notes, Lessons, and Recipes from a Delicious Revolution",Three,34.32,In stock,Food and Drink
722,Hungry Girl Clean & Hungry: Easy All-Natural Recipes for Healthy Eating in the Real World,Three,33.14,In stock,Food and Drink
